,Klasik Baklava Fistik,Baklava
,Klasik Baklava Ceviz,Baklava
,Burma Fistik,Baklava
,Burma Ceviz,Baklava
,Söbiyet Fistik,Baklava
,Söbiyet Ceviz,Baklava
,Kadayıf Fistik,Baklava
,Kadayıf Ceviz,Baklava
,Sarma Fistik,Baklava
,Sarma Ceviz,Baklava
,Schoko Fistik,Baklava
,Schoko Ceviz,Baklava
,Havuc Dilimi Fistik (Kleine),Baklava
,Havuc Dilimi Fistik (Große),Baklava
,Havuc Dilimi Ceviz (Kleine),Baklava
,Havuc Dilimi Ceviz (Große),Baklava
,Sultanzade,Baklava
,Bülbül Yuvası Fistik,Baklava
,Bülbül Yuvası Ceviz,Baklava
,Kokos Baklava,Baklava
,Soguk Baklava Fistik,Baklava
,Soguk Baklava Ceviz,Baklava
