,Karadeniz Pide Käse,Teigwaren
,Karadeniz Pide Fleisch,Teigwaren
,Karadeniz Pide Spinat,Teigwaren
,Lahmacun,Teigwaren
,Su Börek Käse,Teigwaren
,Su Börek Hackfleisch,Teigwaren
,Su Börek Spinat Käse,Teigwaren
,Schnecke Börek,Teigwaren
,Balkan Börek Käse,Teigwaren
,Balkan Börek Fleisch,Teigwaren
,Balkan Börek Kartoffeln,Teigwaren
,Stange Börek Käse,Teigwaren
,Stange Börek Fleisch,Teigwaren
,Stange Börek Kartoffeln,Teigwaren
,Sigara Börek Käse,Teigwaren
,Poca Natur,Teigwaren
,Poca Käse,Teigwaren
,Acma,Teigwaren
