,Mücver,Vorspeisen
,Zigarren Börek Stück,Vorspeisen
,Ajvar Schafskäse,Vorspeisen
,Aubergine mit Walnüssen und Granatpfel,Vorspeisen
,Auberginen mit Ajvar und Schafskäse,Vorspeisen
,Auberginenpaste,Vorspeisen
,Auberginensalat,Vorspeisen
,Avocadopaste,Vorspeisen
,Blumenkohl Salat,Vorspeisen
,Gebratenes Gemüse,Vorspeisen
,Gefüllte Zucchini mit Gemüse,Vorspeisen
,Frittierte Gemüse,Vorspeisen
,Getrocknete Tomatencreme,Vorspeisen
,Griechischer Tzatziki,Vorspeisen
,Hummus,Vorspeisen
,Kapula,Vorspeisen
,Karottenpaste,Vorspeisen
,Knoblauchpaste,Vorspeisen
,Kuskus,Vorspeisen
,Mexikanische Süße Paprikapaste,Vorspeisen
,Muhemmara - Paprika mit Walnüssen,Vorspeisen
,Nudelsalat,Vorspeisen
,Olivensalat mit Weißkäse,Vorspeisen
,Rote Beete Paste,Vorspeisen
,Schafskäse Creme,Vorspeisen
,Salat mit Spinat + Walnüssen + Granatapfel,Vorspeisen
,Spinat Creme,Vorspeisen
,Thunfisch Salat,Vorspeisen
,Weinblätter,Vorspeisen
,Zucchinipaste,Vorspeisen
